<?xml version="1.0" encoding="UTF-8"?>

<openbox_menu xmlns="http://openbox.org/3.4/menu">

<menu id="apps-term-menu" label="Terminals">
  <item label="Kitty">
    <action name="Execute">
      <command>kitty</command>
    </action>
  </item>
  <item label="Xterm">
    <action name="Execute"><command>xterm</command></action>
  </item>
</menu>

<menu id="apps-net-menu" label="Internet">
  <item label="Brave">
    <action name="Execute">
      <command>flatpak run com.brave.Browser</command>
      <startupnotify>
        <enabled>yes</enabled>
        <wmclass>Brave</wmclass>
      </startupnotify>
    </action>
  </item>
</menu>

<menu id="music-players" label="Music">
  <item label="Spotube">
    <action name="Execute">
      <command>flatpak run com.github.KRTirtho.Spotube</command>
      <startupnotify>
	<enabled>yes</enabled>
	<wmclass>Spotube - "It's like spotify, but youtube!"</wmclass>
      </startupnotify>
    </action>
  </item>
<menu/>

<menu id="system-menu" label="System">
  <item label="Openbox Configuration Manager">
    <action name="Execute">
      <command>obconf</command>
      <startupnotify><enabled>yes</enabled></startupnotify>
    </action>
  </item>
  <item label="Flatseal">
    <action name="Execute">
      <command>flatpak run com.github.tchx84.Flatseal</command>
    </action>
  </item>
  <separator />
  <item label="Reconfigure Openbox">
    <action name="Reconfigure" />
  </item>
</menu>

<menu id="root-menu" label="Right-Click Menu">
  <separator label="Haiii, 1xb!! :3" />
  <menu id="apps-accessories-menu"/>
  <menu id="apps-editors-menu"/>
  <menu id="apps-graphics-menu"/>
  <menu id="apps-net-menu"/>
  <menu id="apps-office-menu"/>
  <menu id="music-players"/>
  <menu id="apps-term-menu"/>
  <menu id="apps-fileman-menu"/>
  <separator label="System" />
  <menu id="system-menu"/>
  <separator />
  <item label="Log Out">
    <action name="Exit">
      <prompt>yes</prompt>
    </action>
  </item>
</menu>

</openbox_menu>
